order;name_de;name_en;series;level;position;attachment;footbar;headrest;carriage_start;springs_classical;spring_load;springs_studio;breathing_de;tempo;cues_de;instructions_de;contraindications_vorschlag;contraindications;notes
1;Footwork Zehen;Footwork – Toes;Footwork;basic;Rückenlage;keines;hoch;oben;geschlossen;4;4.0;;;;;;supine_late_pregnancy;;
2;Footwork Fussgewölbe;Footwork – Arches;Footwork;basic;Rückenlage;keines;hoch;oben;geschlossen;4;4.0;;;;;;supine_late_pregnancy;;
3;Footwork Fersen;Footwork – Heels;Footwork;basic;Rückenlage;keines;hoch;oben;geschlossen;4;4.0;;;;;;supine_late_pregnancy;;
4;Footwork Sehnendehnung;Footwork – Tendon Stretch;Footwork;basic;Rückenlage;keines;hoch;oben;geschlossen;4;4.0;;;;;;supine_late_pregnancy;;
5;Hundert;Hundred;;basic;Rückenlage;kurze Gurte;unten;oben;geschlossen;4;4.0;;;;;;lumbar_flexion_load,supine_late_pregnancy;;
6;Überkopf;Overhead;;advanced;Rückenlage;kurze Gurte;unten;flach;geschlossen;2;2.0;;;;;;inversion,lumbar_flexion_load,supine_late_pregnancy;;
7;Koordination;Coordination;;intermediate;Rückenlage;kurze Gurte;unten;oben;geschlossen;2;2.0;;;;;;lumbar_flexion_load,supine_late_pregnancy;;
8;Rudern ins Brustbein;Rowing – Into the Sternum;Rowing;advanced;Sitz;kurze Gurte;unten;;geschlossen;1;1.0;;;;;;lumbar_flexion_load;;
9;Rudern 90 Grad;Rowing – 90 Degrees;Rowing;advanced;Sitz;kurze Gurte;unten;;geschlossen;1;1.0;;;;;;lumbar_flexion_load;;
10;Rudern von der Brust;Rowing – From the Chest;Rowing;advanced;Sitz;kurze Gurte;unten;;geschlossen;1;1.0;;;;;;shoulder_overhead;;
11;Rudern von den Hüften;Rowing – From the Hips;Rowing;advanced;Sitz;kurze Gurte;unten;;geschlossen;1;1.0;;;;;;shoulder_overhead;;
12;Rudern Rasieren;Rowing – Shaving;Rowing;advanced;Sitz;kurze Gurte;unten;;geschlossen;1;1.0;;;;;;shoulder_overhead;;
13;Rudern Umarmung;Rowing – Hug;Rowing;advanced;Sitz;kurze Gurte;unten;;geschlossen;1;1.0;;;;;;;;
14;Schwan;Swan;;advanced;Bauchlage;Box längs;hoch;;geschlossen;2;2.0;;;;;;prone;;
15;Pull Straps;Pull Straps;Long Box;intermediate;Bauchlage;Box längs + lange Gurte;unten;;geschlossen;1;1.0;;;;;;prone,shoulder_overhead;;
16;Backstroke;Backstroke;Long Box;intermediate;Rückenlage;Box längs + kurze Gurte;unten;;geschlossen;2;2.0;;;;;;lumbar_flexion_load,shoulder_overhead,supine_late_pregnancy;;
17;Teaser;Teaser;Long Box;intermediate;Rückenlage;Box längs + kurze Gurte;unten;;geschlossen;1;1.0;;;;;;lumbar_flexion_load,supine_late_pregnancy;;
18;Horseback;Horseback;Long Box;advanced;Sitz;Box längs + kurze Gurte;unten;;geschlossen;1;1.0;;;;;;;;
19;Short Box runder Rücken;Short Box – Round Back;Short Box;basic;Sitz;Box quer;unten;;geschlossen;2;2.0;;;;;;lumbar_flexion_load;;
20;Short Box flacher Rücken;Short Box – Flat Back;Short Box;basic;Sitz;Box quer;unten;;geschlossen;2;2.0;;;;;;;;
21;Short Box seitwärts;Short Box – Side to Side;Short Box;basic;Sitz;Box quer;unten;;geschlossen;2;2.0;;;;;;;;
22;Short Box Drehung;Short Box – Twist;Short Box;intermediate;Sitz;Box quer;unten;;geschlossen;2;2.0;;;;;;;;
23;Short Box Baum;Short Box – Tree;Short Box;basic;Sitz;Box quer;unten;;geschlossen;2;2.0;;;;;;;;
24;Long Stretch;Long Stretch;Long Stretch;intermediate;Stütz;keines;hoch;;geschlossen;2;2.0;;;;;;shoulder_overhead;;
25;Down Stretch;Down Stretch;Long Stretch;intermediate;Knien;keines;hoch;;geschlossen;2;2.0;;;;;;;;
26;Up Stretch;Up Stretch;Long Stretch;intermediate;Stütz;keines;hoch;;geschlossen;2;2.0;;;;;;shoulder_overhead;;
27;Elefant;Elephant;Long Stretch;basic;Stand;keines;hoch;;geschlossen;2;2.0;;;;;;;;
28;Long Back Stretch;Long Back Stretch;Long Stretch;advanced;Stütz;keines;hoch;;geschlossen;2;2.0;;;;;;shoulder_overhead;;
29;Stomach Massage rund;Stomach Massage – Round;Stomach Massage;basic;Sitz;keines;hoch;;geschlossen;4;4.0;;;;;;lumbar_flexion_load;;
30;Stomach Massage Hände hinten;Stomach Massage – Hands Back;Stomach Massage;basic;Sitz;keines;hoch;;geschlossen;3;3.0;;;;;;;;
31;Stomach Massage Arme hoch;Stomach Massage – Reach Up;Stomach Massage;basic;Sitz;keines;hoch;;geschlossen;2;2.0;;;;;;;;
32;Stomach Massage Drehung;Stomach Massage – Twist;Stomach Massage;intermediate;Sitz;keines;hoch;;geschlossen;2;2.0;;;;;;;;
33;Tendon Stretch;Tendon Stretch;;advanced;Stand;keines;hoch;;geschlossen;2;2.0;;;;;;lumbar_flexion_load;;
34;Short Spine Massage;Short Spine Massage;Feet in Straps;intermediate;Rückenlage;lange Gurte;unten;flach;geschlossen;2;2.0;;;;;;inversion,lumbar_flexion_load,supine_late_pregnancy;;
35;Halbkreis;Semi Circle;;intermediate;Rückenlage;keines;hoch;flach;geschlossen;2;2.0;;;;;;supine_late_pregnancy;;
36;Brustöffnung;Chest Expansion;;advanced;Knien;kurze Gurte;unten;;geschlossen;2;2.0;;;;;;knee_deep_flexion;;
37;Oberschenkeldehnung;Thigh Stretch;;advanced;Knien;kurze Gurte;unten;;geschlossen;3;3.0;;;;;;knee_deep_flexion;;
38;Armkreise;Arm Circles;;advanced;Knien;kurze Gurte;unten;;geschlossen;1;1.0;;;;;;shoulder_overhead,knee_deep_flexion;;
39;Snake & Twist;Snake & Twist;;advanced;Stütz;keines;hoch;;geschlossen;1;1.0;;;;;;lumbar_flexion_load,shoulder_overhead;;
40;Korkenzieher;Corkscrew;;advanced;Rückenlage;keines;unten;flach;geschlossen;2;2.0;;;;;;inversion,lumbar_flexion_load,supine_late_pregnancy;;
41;Tick Tock;Tick Tock;;advanced;Rückenlage;keines;unten;flach;geschlossen;2;2.0;;;;;;inversion,lumbar_flexion_load,supine_late_pregnancy;;
42;Control Balance Abstieg;Step Off Control Balance;;advanced;Rückenlage;lange Gurte;unten;flach;geschlossen;2;2.0;;;;;;inversion,lumbar_flexion_load,supine_late_pregnancy;;
43;Long Spine Massage;Long Spine Massage;Feet in Straps;advanced;Rückenlage;lange Gurte;unten;flach;geschlossen;2;2.0;;;;;;inversion,lumbar_flexion_load,supine_late_pregnancy;;
44;Beinkreise;Leg Circles;Feet in Straps;basic;Rückenlage;lange Gurte;unten;oben;geschlossen;2;2.0;;;;;;supine_late_pregnancy;;
45;Frösche;Frogs;Feet in Straps;basic;Rückenlage;lange Gurte;unten;oben;geschlossen;2;2.0;;;;;;supine_late_pregnancy;;
46;Knee Stretch rund;Knee Stretch – Round;Knee Stretch;basic;Knien;keines;hoch;;geschlossen;2;2.0;;;;;;;;
47;Knee Stretch gewölbt;Knee Stretch – Arched;Knee Stretch;basic;Knien;keines;hoch;;geschlossen;2;2.0;;;;;;;;
48;Knee Stretch Knie ab;Knee Stretch – Knees Off;Knee Stretch;basic;Knien;keines;hoch;;geschlossen;2;2.0;;;;;;knee_deep_flexion;;
49;Laufen;Running;;basic;Rückenlage;keines;hoch;oben;geschlossen;4;4.0;;;;;;supine_late_pregnancy;;
50;Beckenheben;Pelvic Lift;;basic;Rückenlage;keines;hoch;oben;geschlossen;4;4.0;;;;;;supine_late_pregnancy;;
51;Liegestütz vorne;Push Up Front;;advanced;Stütz;keines;hoch;;geschlossen;2 (gear out);2.0;;;;;;shoulder_overhead;;
52;Liegestütz hinten;Push Up Back;;advanced;Stütz;keines;hoch;;geschlossen;2 (reg. gear);2.0;;;;;;shoulder_overhead;;
53;Seitspagat;Side Splits;Splits;intermediate;Stand;keines;hoch;;geschlossen;2 oder 1;1.5;;;;;;;;
54;Frontspagat;Front Splits;Splits;intermediate;Stand;keines;hoch;;geschlossen;2;2.0;;;;;;knee_deep_flexion;;
55;Russischer Spagat;Russian Splits;Splits;advanced;Stand;keines;hoch;;geschlossen;2;2.0;;;;;;knee_deep_flexion;;
